Facebook,Instagram,Twitter,Tiktok,Reddit,Pinterest,Discord,LOTR,CATDOG,ID
3,3,0,1,0,0,0,2,Dog,1
1,4,2,4,1,3,1,4,Cat,2
0,4,2,0,1,1,4,NA,Cat,3
0,0,4,0,3,0,4,NA,Cat,4
0,2,0,0,0,0,0,1,Dog,5
1,1,4,0,1,0,0,1,Cat,6
0,3,1,4,1,0,1,3,Dog,7
3,4,1,4,0,3,0,1,Dog,8
3,3,0,3,0,0,0,5,Cat,9
0,3,3,1,0,2,4,NA,Cat,10
0,4,1,4,1,2,2,NA,Dog,11
1,4,2,4,0,0,0,NA,Cat,12
1,3,3,4,0,3,0,1,Dog,13
0,4,3,1,4,0,2,3,Dog,14
0,3,1,0,0,3,0,4,Dog,15
1,4,0,2,1,0,2,NA,Dog,16
2,4,4,4,1,3,0,3,Dog,17
1,2,0,4,0,0,3,5,Dog,18
1,3,1,0,2,2,0,NA,Dog,19
0,0,4,4,3,2,1,NA,Dog,20
2,4,1,4,0,2,0,NA,Dog,21
1,2,1,4,0,1,0,NA,Dog,22
2,4,1,4,0,1,1,1,Dog,23
3,4,3,4,3,1,3,3,Dog,24
1,2,1,3,0,0,1,NA,Dog,25
0,4,0,1,2,2,1,4,Dog,26
1,3,0,0,0,0,0,4,Dog,27
2,4,3,4,0,1,0,NA,Cat,28
0,4,0,0,0,0,0,3,Dog,29
0,4,0,3,0,1,0,NA,Cat,30
1,3,0,0,1,0,0,NA,Dog,31
2,4,2,4,3,2,0,3,Dog,32
0,3,3,0,2,0,0,NA,Dog,33
1,3,0,1,4,0,0,3,Dog,34
2,2,2,3,4,3,1,NA,Dog,35
1,3,0,0,2,2,4,3,Dog,36
0,4,4,4,2,1,0,3,Dog,37
4,4,1,4,0,1,1,1,Dog,38
2,3,4,4,1,2,1,3,Dog,39
0,0,0,2,3,4,0,4,Dog,40
1,3,2,4,4,3,0,4,Dog,41
2,3,0,4,1,2,0,NA,Dog,42
2,4,4,4,0,2,4,3,Dog,43
2,4,4,4,1,1,0,NA,Dog,44
0,3,0,3,3,0,2,5,Cat,45
2,0,2,0,1,0,4,NA,Dog,46
1,2,2,0,0,2,0,NA,Dog,47
1,4,4,4,4,1,4,4,Cat,48
0,2,2,4,1,0,4,4,Dog,49
0,3,1,3,1,0,0,NA,Dog,50
0,3,1,4,1,0,4,5,Dog,51
0,4,4,3,0,0,4,3,Cat,52
1,4,2,,2,1,1,1,Dog,53
0,1,1,4,2,2,0,5,Dog,54
2,3,4,4,0,0,0,NA,Dog,55
1,3,2,4,0,2,1,NA,Dog,56
0,4,2,4,1,1,2,2,Dog,57
2,3,2,4,1,2,0,1,Dog,58
2,3,1,1,1,1,1,4,Cat,59
0,2,3,0,4,0,3,4,Dog,60
0,1,0,0,2,4,4,4,Cat,61
1,3,3,0,0,0,0,5,Dog,62
0,3,0,3,0,0,0,NA,Dog,63
1,4,3,0,1,0,3,5,Dog,64
1,3,0,4,1,0,0,4,Cat,65
0,1,0,0,0,0,0,NA,Cat,66
1,1,1,1,0,0,0,1,Dog,67
2,2,1,2,0,0,3,5,Cat,68
0,3,0,4,2,1,3,NA,Cat,69
3,4,0,2,4,1,4,1,Dog,70
1,3,1,2,2,2,2,5,Dog,71
3,2,0,0,2,1,0,3,Cat,72
1,2,1,0,3,0,0,NA,Dog,73
2,4,4,4,0,0,2,1,Dog,74
1,3,0,4,3,3,0,NA,Dog,75
4,1,1,1,2,1,1,NA,Dog,76
4,4,4,4,0,2,0,NA,Dog,77
2,3,2,0,0,2,1,3,Cat,78
1,4,2,4,2,3,2,NA,Dog,79
4,4,2,1,1,0,0,3,Dog,80
4,4,4,1,1,0,1,4,Dog,81
2,4,0,3,0,0,0,NA,Dog,82
